CREATE TABLE foodGroup (
  id integer PRIMARY KEY,
  name varchar(32) NOT NULL
);


CREATE TABLE oxalateGroup (
  id integer PRIMARY KEY,
  name varchar(32) NOT NULL
);

CREATE TABLE food (
  id integer PRIMARY KEY,
  name varchar(64) NOT NULL,
  foodGroup integer NOT NULL,
  oxalateGroup integer NOT NULL 
);

INSERT INTO `oxalateGroup` (`id`, `name`) VALUES
(0, '< 2 mg'),
(1, '2 - 10 mg'),
(2, '> 10 mg');

INSERT INTO `foodGroup` (`id`, `name`) VALUES
(0, 'napoje'),
(1, 'owoce'),
(2, 'warzywa'),
(3, 'skrobia'),
(4, 'tłuszcze, orzechy'),
(5, 'mleczne');

INSERT INTO `food` (`name`, `foodGroup`, `oxalateGroup`) VALUES

('czarna herbata', 0, 2),
('czekolada do picia', 0, 2),
('ciemne piwo', 0, 2),
('mleko czekoladowe', 0, 2),
('kakao', 0, 2),
('kawa rozpuszczalna', 0, 2),
('napoje sojowe', 0, 2),
('soki z owoców wysokoszczawianowych', 0, 2),

('sok marchewkowy', 0, 1),
('piwo Guinness', 0, 1),
('herbata czarna porzeczkowa', 0, 1),
('kawa parzona', 0, 1),
('sok żurawiony', 0, 1),
('sok winogronowy', 0, 1),
('herbata mate', 0, 1),
('sok pomarańczowy', 0, 1),
('sok pomidorowy', 0, 1),
('herbata z hibiskusa', 0, 1),

('sok jabłkowy', 0, 0),
('sok morelowy', 0, 0),
('sok grejprutowy', 0, 0),
('sok cytrynowy', 0, 0),
('sok ananasowy', 0, 0),
('sok wiśniowy', 0, 0),
('zielona herbata', 0, 0),
('herbata ziołowa', 0, 0),
('nektar morelowy', 0, 0),
('piwo jasne', 0, 0),
('lemoniada', 0, 0),
('sok z limonki', 0, 0),
('sok z cytryny', 0, 0),
('wino', 0, 0),

('jagody', 1, 2),
('karambola', 1, 2),
('figi', 1, 2),
('skórka od cytryny', 1, 2),
('skórka od pomarańczy', 1, 2),
('zielone jabłka', 1, 2),
('czarne winogrona', 1, 2),
('rabarbar', 1, 2),
('truskawki z puszki', 1, 2),
('czereśnie', 1, 2),
('maliny', 1, 2),
('agrest', 1, 2),
('kiwi', 1, 2),
('mandarynki', 1, 2),
('jeżyny', 1, 2),
('carambola', 1, 2),
('cimne winogrona', 1, 2),
('figi suszone', 1, 2),

('jabłko', 1, 1),
('orzech kokosowy', 1, 1),
('morela', 1, 1),
('gruszka świeże', 1, 1),
('śwliwki fioletowe', 1, 1),
('truskawki świeże', 1, 1),
('brzoskwinie świeże', 1, 1),
('żurawina', 1, 1),
('pomarańcze', 1, 1),
('ananas', 1, 1),
('śliwki suszone', 1, 1),
('truskawki', 1, 1),

('avocado', 1, 0),
('papaja', 1, 0),
('grejpfrut', 1, 0),
('borówka', 1, 0),
('mango', 1, 0),
('nektarynka', 1, 0),
('rodzynki', 1, 0),
('banan', 1, 0),
('wiśnie', 1, 0),
('winogrona białe', 1, 0),
('winogrona zielone', 1, 0),
('melon', 1, 0),
('śliwki zielone', 1, 0),
('śliwki żółte', 1, 0),
('kumquaty', 1, 0),
('brzoskwinie w puszce', 1, 0),
('gruszki w puszce', 1, 0),

('buraki', 2, 2),
('fasola', 2, 2),
('botwinka', 2, 2),
('marchew', 2, 2),
('seler', 2, 2),
('cykoria', 2, 2),
('dynia', 2, 2),
('oliwki', 2, 2),
('ziemniaki', 2, 2),
('szpinak', 2, 2),
('kapusta włoska', 2, 2),
('pieprz (chili i zielony)', 2, 2),
('brukiew', 2, 2),
('cukinia', 2, 2),
('por', 2, 2),
('piżman (róża chińska)', 2, 2),
('pietruszka', 2, 2),
('bakłażan', 2, 2),
('jarmuż', 2, 2),
('boćwinka', 2, 2),
('szczaw', 2, 2),
('papryka chili', 2, 2),
('papryka zielona', 2, 2),
('batat', 2, 2),

('karczoch', 2, 1),
('szparagi', 2, 1),
('koper', 2, 1),
('pomidor', 2, 1),
('rzepa', 2, 1),
('pasternak', 2, 1),
('tymianek', 2, 1),
('zupa warzywna', 2, 1),
('brokuły', 2, 1),
('brukselka', 2, 1),
('sałata', 2, 1),
('cebula', 2, 1),
('rukiew', 2, 1),
('bób', 2, 1),
('imbir', 2, 1),
('kukurydza', 2, 1),
('marchew w puszkach', 2, 1),
('fasola limeńska', 2, 1),
('gorczyca', 2, 1),
('groszek', 2, 1),
('pomidor', 2, 1),

('kalafior', 2, 0),
('groszek zielony', 2, 0),
('rzodkiewka', 2, 0),
('ogórek', 2, 0),
('pieczarki', 2, 0),
('mięta', 2, 0),
('oregano', 2, 0),
('szałwia', 2, 0),
('bazylia', 2, 0),
('cynamon', 2, 0),
('syrop kukurydziany', 2, 0),
('ogórek konserwowy', 2, 0),
('miód', 2, 0),
('keczup', 2, 0),
('gałka muszkatołowa', 2, 0),
('cukier', 2, 0),
('kapusta', 2, 0),
('szczypiorek', 2, 0),
('endywia', 2, 0),
('kalarepa', 2, 0),
('grzyby', 2, 0),
('groszek z puszki', 2, 0),

('amarant', 3, 2),
('gryka', 3, 2),
('zboża (otręby)', 3, 2),
('żyto', 3, 2),
('pszenica', 3, 2),
('owies', 3, 2),
('kolokazja', 3, 2),
('proso', 3, 2),
('quinoa', 3, 2),
('żytnie chrupkie pieczywo', 3, 2),
('pszenne chrupkie pieczywo', 3, 2),
('pieczywo pełnoziarniste', 3, 2),
('mąka pszenna', 3, 2),

('orzechy', 4, 2),
('masło orzechowe', 4, 2),
('ziarna sezamu', 4, 2),
('tahini', 4, 2),
('soja', 4, 2),
('sezam', 4, 2),

('mleko ryżowe', 5, 2),
('mleko migdałowe', 5, 2),
('mleko sojowe', 5, 2),
('jogurt sojowy', 5, 2),
('ser sojowy', 5, 2),
('ovaltine', 5, 2),
('mleko czekoladowe', 5, 2),

('roale', 3, 1),
('ryż brązowy', 3, 1),
('owsianka', 3, 1),
('ciasto figowe', 3, 1),
('bagietka', 3, 1),
('kukurydziana skrobia', 3, 1),
('pieczywo białe', 3, 1),
('płatki owsiane', 3, 1),

('siemię liniane', 4, 1),
('słonecznik', 4, 1),

('jogurt', 5, 1),
('wątróbka', 5, 1),
('sardynki', 5, 1),

('jęczmień', 3, 0),
('ryż biały', 3, 0),
('makaron', 3, 0),
('kukurydza', 3, 0),
('soczewica', 3, 0),
('ryż dziki', 3, 0),

('masło', 4, 0),
('margaryna', 4, 0),
('majonez', 4, 0),
('oleje roślinne', 4, 0),

('maślanka', 5, 0),
('mleko', 5, 0),
('sery', 5, 0),
('jajka', 5, 0),
('mleko kokosowe', 5, 0);


--- (0, 'napoje'),
--- (1, 'owoce'),
--- (2, 'warzywa'),
--- (3, 'skrobia'),
--- (4, 'tłuszcze, orzechy'),
--- (5, 'mleczne');
